{"cameraMode":{"drawMode":0,"name":"Shaded","section":"Shading Mode"},"sceneLighting":true,"audioPlay":false,"sceneViewState":{"m_AlwaysRefresh":false,"showFog":true,"showSkybox":true,"showFlares":true,"showImageEffects":true,"showParticleSystems":true,"showVisualEffectGraphs":true,"m_FxEnabled":true},"in2DMode":false,"pivot":{"x":0.10497832298278809,"y":1.5520000457763672,"z":0.67364501953125},"rotation":{"x":0.07224278897047043,"y":-0.010477352887392044,"z":0.000758740003220737,"w":0.9973331689834595},"size":0.8660253882408142,"orthographic":false}